Package name;Final URL;Reliability score;Timestamp
urllib3;https://github.com/urllib3/urllib3;4;1621423008
botocore;https://github.com/boto/botocore;3;1621423008
rsa;https://github.com/sybrenstuvel/python-rsa;4;1621423008
requests;https://github.com/psf/requests;4;1621423008
docutils;;;1621423008
numpy;https://github.com/numpy/numpy;1;1621423008
awscli;https://github.com/aws/aws-cli;3;1621423008
ansible;https://github.com/ansible/ansible;2;1621423008
tensorflow;https://github.com/tensorflow/tensorflow;2;1621423008
six;https://github.com/benjaminp/six;4;1621423008
