Package name;Useless;Right URL;Old URL
future;True;https://github.com/future/future;https://github.com/PythonCharmers/python-future
googleapis-common-protos;False;https://github.com/googleapis/python-api-common-protos;https://github.com/googleapis/googleapis
google-cloud-core;False;https://github.com/googleapis/python-cloud-core;https://github.com/GoogleCloudPlatform/google-cloud-python
websocket-client;False;https://github.com/websocket-client/websocket-client;https://github.com/websocket-client/websocket-client.git
pyrsistent;False;https://github.com/tobgu/pyrsistent;http://github.com/tobgu/pyrsistent
awscli-cwlogs;True;https://github.com/awscli-cwlogs/awscli-cwlogs;
google-resumable-media;False;https://github.com/googleapis/google-resumable-media-python;https://github.com/GoogleCloudPlatform/google-resumable-media-python
pbr;True;https://github.com/pbr/pbr;
beautifulsoup4;True;https://github.com/beautifulsoup4/beautifulsoup4;
typing;False;https://github.com/python/typing;https://github.com/python/cpython
argparse;False;https://github.com/thomaswaldmann/argparse;https://github.com/ThomasWaldmann/argparse
isodate;False;http://github.com/gweis/isodate;https://github.com/gweis/isodate
pycodestyle;False;http://github.com/PyCQA/pycodestyle;https://github.com/PyCQA/pycodestyle
markdown;False;https://github.com/python-markdown/markdown;https://github.com/Python-Markdown/markdown
ipython-genutils;True;https://github.com/ipython-genutils/ipython-genutils;https://github.com/ipython/ipython_genutils
funcsigs;False;https://github.com/testing-cabal/funcsigs;https://github.com/aliles/funcsigs
azure-storage-blob;False;https://github.com/azure/azure-sdk-for-python;https://github.com/Azure/azure-sdk-for-python
termcolor;True;https://github.com/termcolor/termcolor;
contextlib2;True;https://github.com/contextlib2/contextlib2;https://github.com/jazzband/contextlib2
flake8;True;https://github.com/flake8/flake8;https://github.com/PyCQA/flake8
requests-toolbelt;False;https://github.com/requests/toolbelt;https://github.com/requests/toolbelt/
isort;False;https://github.com/pycqa/isort;https://github.com/timothycrosley/isort
oauth2client;False;https://github.com/google/oauth2client;http://github.com/google/oauth2client
google-cloud-bigquery;False;https://github.com/googleapis/python-bigquery;https://github.com/GoogleCloudPlatform/google-cloud-python
babel;False;https://github.com/babel/babel;https://github.com/python-babel/babel
jupyter-core;True;https://github.com/jupyter-core/jupyter-core;https://github.com/jupyter/jupyter_core
pymysql;False;https://github.com/pymysql/pymysql;https://github.com/PyMySQL/PyMySQL
nbformat;True;https://github.com/nbformat/nbformat;https://github.com/jupyter/nbformat
ordereddict;True;https://github.com/ordereddict/ordereddict;
pycrypto;False;https://github.com/pycrypto/pycrypto;https://github.com/dlitz/pycrypto
ipykernel;True;https://github.com/ipykernel/ipykernel;https://github.com/ipython/ipykernel
regex;True;https://github.com/regex/regex;
jupyter-client;False;https://github.com/jupyter/jupyter_client;https://github.com/jupyter/jupyter_client/
py4j;True;https://github.com/py4j/py4j;https://github.com/bartdag/py4j
dnspython;True;https://github.com/dnspython/dnspython;https://github.com/rthalley/dnspython
xlrd;True;https://github.com/xlrd/xlrd;https://github.com/python-excel/xlrd
notebook;True;https://github.com/notebook/notebook;https://github.com/jupyter/notebook
ipywidgets;True;https://github.com/ipywidgets/ipywidgets;https://github.com/jupyter-widgets/ipywidgets
ply;True;https://github.com/ply/ply;https://github.com/dabeaz/ply
widgetsnbextension;True;https://github.com/widgetsnbextension/widgetsnbextension;https://github.com/jupyter-widgets/ipywidgets
simplegeneric;True;https://github.com/simplegeneric/simplegeneric;https://github.com/msgpack/msgpack-python
ruamel-yaml;False;https://github.com/pypa/setuptools;
singledispatch;True;https://github.com/singledispatch/singledispatch;https://github.com/python/cpython
s3fs;False;https://github.com/dask/s3fs;http://github.com/dask/s3fs
jupyter-console;True;https://github.com/jupyter-console/jupyter-console;https://github.com/jupyter/jupyter_console
jupyter;False;https://github.com/jupyter/jupyter;
selenium;False;https://github.com/SeleniumHQ/Selenium;https://github.com/SeleniumHQ/selenium
apache-beam;True;https://github.com/apache-beam/apache-beam;https://github.com/apache/beam
kombu;True;https://github.com/kombu/kombu;https://github.com/celery/kombu
thrift;True;https://github.com/thrift/thrift;https://github.com/apache/thrift
bs4;True;https://github.com/bs4/bs4;
sklearn;True;https://github.com/sklearn/sklearn;https://github.com/scikit-learn/scikit-learn
backports-ssl-match-hostname;True;https://github.com/backports-ssl-match-hostname/backports-ssl-match-hostname;
distlib;True;https://github.com/distlib/distlib;
importlib-resources;True;https://github.com/importlib-resources/importlib-resources;
openpyxl;True;https://github.com/openpyxl/openpyxl;
lockfile;True;https://github.com/lockfile/lockfile;
arrow;False;https://github.com/arrow-py/arrow;https://github.com/crsmithdev/arrow
mypy;True;https://github.com/mypy/mypy;https://github.com/python/mypy
mozrunner;True;https://github.com/mozrunner/mozrunner;
et-xmlfile;True;https://github.com/et-xmlfile/et-xmlfile;
mozlog;True;https://github.com/mozlog/mozlog;
gensim;False;https://github.com/rare-technologies/gensim;https://github.com/RaRe-Technologies/gensim
iso8601;True;https://github.com/iso8601/iso8601;
tensorflow-serving-api;True;https://github.com/tensorflow-serving-api/tensorflow-serving-api;
google-cloud-bigtable;False;https://github.com/googleapis/python-bigtable;https://github.com/GoogleCloudPlatform/google-cloud-python
pathlib;True;https://github.com/pathlib/pathlib;
prettytable;True;https://github.com/prettytable/prettytable;
ruamel-yaml-clib;True;https://github.com/ruamel-yaml-clib/ruamel-yaml-clib;
execnet;False;https://github.com/python/black;https://github.com/pytest-dev/execnet
aniso8601;True;https://github.com/aniso8601/aniso8601;
aliyun-python-sdk-ecs;True;https://github.com/aliyun-python-sdk-ecs/aliyun-python-sdk-ecs;https://github.com/aliyun/aliyun-openapi-python-sdk
s3cmd;False;https://github.com/s3cmd/s3cmd;https://github.com/s3tools/s3cmd
azure-core;False;https://github.com/azure/azure-sdk-for-python;https://github.com/Azure/azure-sdk-for-python
stevedore;True;https://github.com/stevedore/stevedore;https://github.com/openstack/stevedore
python-dotenv;False;https://github.com/theskumar/python-dotenv;http://github.com/theskumar/python-dotenv
bottle;True;https://github.com/bottle/bottle;https://github.com/bottlepy/bottle
avro;True;https://github.com/avro/avro;https://github.com/apache/avro
pytest-timeout;False;https://github.com/pytest-dev/pytest-timeout;http://github.com/pytest-dev/pytest-timeout
python-daemon;True;https://github.com/python-daemon/python-daemon;
pkginfo;True;https://github.com/pkginfo/pkginfo;
mozdevice;True;https://github.com/mozdevice/mozdevice;
jeepney;True;https://github.com/jeepney/jeepney;
blinker;True;https://github.com/blinker/blinker;https://github.com/jek/blinker
mozinfo;True;https://github.com/mozinfo/mozinfo;
uwsgi;True;https://github.com/uwsgi/uwsgi;https://github.com/unbit/uwsgi
mozprofile;True;https://github.com/mozprofile/mozprofile;
azure-keyvault;False;https://github.com/azure/azure-sdk-for-python;https://github.com/Azure/azure-sdk-for-python
mozprocess;True;https://github.com/mozprocess/mozprocess;
azure-storage-queue;False;https://github.com/azure/azure-sdk-for-python;https://github.com/Azure/azure-sdk-for-python
mysql-connector-python;True;https://github.com/mysql-connector-python/mysql-connector-python;https://github.com/mysql/mysql-connector-python
mozterm;True;https://github.com/mozterm/mozterm;
sphinxcontrib-htmlhelp;True;https://github.com/sphinxcontrib-htmlhelp/sphinxcontrib-htmlhelp;https://github.com/sphinx-doc/sphinxcontrib-htmlhelp
sphinxcontrib-serializinghtml;True;https://github.com/sphinxcontrib-serializinghtml/sphinxcontrib-serializinghtml;https://github.com/sphinx-doc/sphinxcontrib-serializinghtml
sphinxcontrib-qthelp;True;https://github.com/sphinxcontrib-qthelp/sphinxcontrib-qthelp;https://github.com/sphinx-doc/sphinxcontrib-qthelp
sphinxcontrib-applehelp;True;https://github.com/sphinxcontrib-applehelp/sphinxcontrib-applehelp;https://github.com/sphinx-doc/sphinxcontrib-applehelp
sphinxcontrib-devhelp;True;https://github.com/sphinxcontrib-devhelp/sphinxcontrib-devhelp;https://github.com/sphinx-doc/sphinxcontrib-devhelp
webob;False;https://github.com/pylons/webob;https://github.com/Pylons/webob
pep8;False;http://github.com/PyCQA/pep8;https://github.com/pycqa/pep8
sphinxcontrib-jsmath;True;https://github.com/sphinxcontrib-jsmath/sphinxcontrib-jsmath;https://github.com/sphinx-doc/sphinxcontrib-jsmath
geographiclib;True;https://github.com/geographiclib/geographiclib;
crcmod;True;https://github.com/crcmod/crcmod;
google;True;https://github.com/google/google;
msgpack-python;True;https://github.com/msgpack-python/msgpack-python;https://github.com/msgpack/msgpack-python
argh;False;https://github.com/neithere/argh;http://github.com/neithere/argh
pysftp;True;https://github.com/pysftp/pysftp;
invoke;True;https://github.com/invoke/invoke;
zeep;True;https://github.com/zeep/zeep;https://github.com/mvantellingen/python-zeep
passlib;True;https://github.com/passlib/passlib;
requests-aws4auth;False;https://github.com/tedder/requests-aws4auth;https://github.com/sam-washington/requests-aws4auth
glob2;False;https://github.com/miracle2k/python-glob2;http://github.com/miracle2k/python-glob2
pycairo;False;https://github.com/ldo/qahirah;https://github.com/pygobject/pycairo
sphinxcontrib-websupport;True;https://github.com/sphinxcontrib-websupport/sphinxcontrib-websupport;
phoenixdb;True;https://github.com/phoenixdb/phoenixdb;
pyxdg;True;https://github.com/pyxdg/pyxdg;https://github.com/takluyver/pyxdg
flask-restful;False;https://github.com/flask-restful/flask-restful;https://www.github.com/flask-restful/flask-restful
aenum;True;https://github.com/aenum/aenum;
pygobject;True;https://github.com/pygobject/pygobject;
asgiref;False;https://github.com/django/asgiref;http://github.com/django/asgiref
python-gnupg;True;https://github.com/python-gnupg/python-gnupg;
unittest2;True;https://github.com/unittest2/unittest2;
avro-python3;True;https://github.com/avro-python3/avro-python3;https://github.com/apache/avro
mozfile;True;https://github.com/mozfile/mozfile;
expiringdict;True;https://github.com/expiringdict/expiringdict;https://github.com/mailgun/expiringdict
xlwt;True;https://github.com/xlwt/xlwt;https://github.com/python-excel/xlwt
pydocstyle;False;http://github.com/PyCQA/pydocstyle;https://github.com/PyCQA/pydocstyle
pypdf2;True;https://github.com/pypdf2/pypdf2;https://github.com/mstamy2/PyPDF2
cx-oracle;True;https://github.com/cx-oracle/cx-oracle;https://github.com/oracle/python-cx_Oracle
reportlab;True;https://github.com/reportlab/reportlab;
pygithub;False;https://github.com/pygithub/pygithub;https://github.com/PyGithub/PyGithub
nvidia-ml-py3;True;https://github.com/nvidia-ml-py3/nvidia-ml-py3;
mysql-connector;True;https://github.com/mysql-connector/mysql-connector;
html2text;False;https://github.com/alir3z4/html2text;https://github.com/Alir3z4/html2text
repoze-lru;True;https://github.com/repoze-lru/repoze-lru;https://github.com/repoze/repoze.lru
tensorflow-gpu;True;https://github.com/tensorflow-gpu/tensorflow-gpu;
suds-jurko;True;https://github.com/suds-jurko/suds-jurko;
python-jenkins;True;https://github.com/python-jenkins/python-jenkins;
slacker;False;https://github.com/os/slacker;http://github.com/os/slacker
hypothesis;False;https://github.com/hypothesisworks/hypothesis;https://github.com/HypothesisWorks/hypothesis-python
python-augeas;True;https://github.com/python-augeas/python-augeas;https://github.com/hercules-team/augeas
flask-migrate;False;https://github.com/miguelgrinberg/flask-migrate;http://github.com/miguelgrinberg/flask-migrate
grpcio-gcp;True;https://github.com/grpcio-gcp/grpcio-gcp;
mpmath;True;https://github.com/mpmath/mpmath;https://github.com/fredrik-johansson/mpmath
oauth;True;https://github.com/oauth/oauth;
pydispatcher;True;https://github.com/pydispatcher/pydispatcher;
webtest;True;https://github.com/webtest/webtest;https://github.com/Pylons/webtest
strict-rfc3339;True;https://github.com/strict-rfc3339/strict-rfc3339;
mmh3;False;http://github.com/hajimes/mmh3;https://github.com/hajimes/mmh3
multipledispatch;False;https://github.com/mrocklin/multipledispatch;http://github.com/mrocklin/multipledispatch
anyjson;False;https://github.com/ask/carrot;
oslo-i18n;True;https://github.com/oslo-i18n/oslo-i18n;https://github.com/openstack/oslo.i18n
pynamodb;False;https://github.com/pynamodb/pynamodb;https://github.com/pynamodb/PynamoDB
debtcollector;True;https://github.com/debtcollector/debtcollector;https://github.com/openstack/debtcollector
ruamel-ordereddict;True;https://github.com/ruamel-ordereddict/ruamel-ordereddict;
catkin-pkg;True;https://github.com/catkin-pkg/catkin-pkg;https://github.com/ros-infrastructure/catkin_pkg
pypiwin32;True;https://github.com/pypiwin32/pypiwin32;
antlr4-python3-runtime;True;https://github.com/antlr4-python3-runtime/antlr4-python3-runtime;https://github.com/antlr/antlr4
oslo-utils;True;https://github.com/oslo-utils/oslo-utils;https://github.com/openstack/oslo.utils
theano;False;https://github.com/theano/theano;https://github.com/goodfeli/theano_exercises
oslo-config;True;https://github.com/oslo-config/oslo-config;https://github.com/openstack/oslo.config
heapdict;True;https://github.com/heapdict/heapdict;https://github.com/DanielStutzbach/heapdict
zict;True;https://github.com/zict/zict;https://github.com/dask/zict
paho-mqtt;True;https://github.com/eclipse/paho;https://github.com/eclipse/paho.mqtt.python
mpi4py;False;https://github.com/mpi4py/mpi4py;
azureml-core;True;https://github.com/azureml-core/azureml-core;
marshmallow-enum;True;https://github.com/marshmallow-enum/marshmallow-enum;
oslo-serialization;True;https://github.com/oslo-serialization/oslo-serialization;https://github.com/openstack/oslo.serialization
rospkg;True;https://github.com/rospkg/rospkg;https://github.com/ros-infrastructure/rospkg
statistics;False;https://github.com/digitalemagine/py-statistics;https://github.com/python/cpython
cheetah;True;https://github.com/cheetah/cheetah;https://github.com/cheetahtemplate/cheetah
datashape;True;https://github.com/datashape/datashape;https://github.com/blaze/datashape
flake8-polyfill;True;https://github.com/flake8-polyfill/flake8-polyfill;
python-crontab;True;https://github.com/python-crontab/python-crontab;
cairosvg;False;https://github.com/kozea/cairosvg;https://github.com/Kozea/CairoSVG
logging;False;https://github.com/logging/logging;
py-bcrypt;True;https://github.com/py-bcrypt/py-bcrypt;
python-swiftclient;False;https://github.com/openstack/swift;https://github.com/openstack/python-swiftclient
azureml-model-management-sdk;True;https://github.com/Azure/azure-ml-api-sdk-python;
intel-openmp;True;https://github.com/intel-openmp/intel-openmp;
keystoneauth1;True;https://github.com/keystoneauth1/keystoneauth1;https://github.com/openstack/keystoneauth
mkl;True;https://github.com/mkl/mkl;
google-cloud-trace;False;https://github.com/googleapis/python-trace;https://github.com/GoogleCloudPlatform/google-cloud-python
nvidia-ml-py;True;https://github.com/nvidia-ml-py/nvidia-ml-py;
pyudorandom;True;https://github.com/pyudorandom/pyudorandom;https://github.com/mewwts/pyudorandom
cognite-model-hosting;True;https://github.com/cognite-model-hosting/cognite-model-hosting;https://github.com/cognitedata/cognite-model-hosting
python-geohash;True;https://github.com/python-geohash/python-geohash;
cssutils;True;https://github.com/cssutils/cssutils;
mleap;False;https://github.com/combust/mleap;https://github.com/combust/mleap-demo
descartes;True;https://github.com/descartes/descartes;
flask-openid;False;https://github.com/mitsuhiko/flask-openid;http://github.com/mitsuhiko/flask-openid
databricks-pypi1;True;https://github.com/databricks-pypi1/databricks-pypi1;
os-service-types;True;https://github.com/os-service-types/os-service-types;https://github.com/openstack/os-service-types
openstacksdk;True;https://github.com/openstacksdk/openstacksdk;https://github.com/openstack/openstacksdk
spotinst-agent;True;https://github.com/spotinst/spotinst-spectrum-agent;
pygame;False;https://github.com/pygame/pygame;
python-keystoneclient;True;https://github.com/python-keystoneclient/python-keystoneclient;https://github.com/openstack/python-keystoneclient
pattern;True;https://github.com/pattern/pattern;https://github.com/clips/pattern
tables;True;https://github.com/tables/tables;https://github.com/PyTables/PyTables
sockjs-tornado;False;https://github.com/mrjoes/sockjs-tornado;http://github.com/mrjoes/sockjs-tornado
dpath;False;https://github.com/akesterson/dpath-python;https://www.github.com/akesterson/dpath-python
initools;True;https://github.com/initools/initools;
objectpath;False;https://github.com/adriank/objectpath;https://github.com/adriank/ObjectPAth
django-timezone-field;False;https://github.com/mfogel/django-timezone-field;http://github.com/mfogel/django-timezone-field
azureml-dataprep-native;True;https://github.com/azureml-dataprep-native/azureml-dataprep-native;
azureml-dataprep;True;https://github.com/azureml-dataprep/azureml-dataprep;
blobfile;False;https://github.com/christopher-hesse/blobfile;https://github.com/cshesse/blobfile
pyqt5;True;https://github.com/pyqt5/pyqt5;
openapi-codec;False;https://github.com/core-api/python-openapi-codec;http://github.com/core-api/python-openapi-codec
google-cloud-dataflow;True;https://github.com/google-cloud-dataflow/google-cloud-dataflow;
tweepy;False;https://github.com/tweepy/tweepy;http://github.com/tweepy/tweepy
partd;False;https://github.com/dask/partd;http://github.com/dask/partd
python-novaclient;True;https://github.com/python-novaclient/python-novaclient;https://github.com/openstack/python-novaclient
pycalverter;True;https://github.com/pycalverter/pycalverter;
pytest-sugar;False;https://github.com/teemu/pytest-sugar;https://github.com/Frozenball/pytest-sugar
mysql-connector-python-rf;True;https://github.com/mysql-connector-python-rf/mysql-connector-python-rf;
requestsexceptions;True;https://github.com/requestsexceptions/requestsexceptions;https://github.com/openstack/requestsexceptions
pastedeploy;False;https://github.com/pylons/pastedeploy;https://github.com/Pylons/pastedeploy
pywebhdfs;False;https://github.com/pywebhdfs/pywebhdfs;
azureml-telemetry;True;https://github.com/azureml-telemetry/azureml-telemetry;
django-nose;False;http://github.com/jazzband/django-nose;http://github.com/django-nose/django-nose
flake8-docstrings;False;https://github.com/pycqa/pydocstyle;https://github.com/PyCQA/flake8-docstrings
osc-lib;True;https://github.com/osc-lib/osc-lib;https://github.com/openstack/osc-lib
python-subunit;True;https://github.com/python-subunit/python-subunit;
mozversion;True;https://github.com/mozversion/mozversion;
azureml-pipeline-core;True;https://github.com/azureml-pipeline-core/azureml-pipeline-core;
httpretty;False;https://github.com/gabrielfalcao/httpretty;https://github.com/gabrielfalcao/HTTPretty
jupyterlab-server;False;https://github.com/jupyterlab/jupyterlab_server;
atlassian-jwt-auth;True;https://github.com/atlassian-jwt-auth/atlassian-jwt-auth;
filechunkio;True;https://github.com/filechunkio/filechunkio;
venusian;False;https://github.com/pylons/venusian;https://github.com/Pylons/venusian
oslo-log;True;https://github.com/oslo-log/oslo-log;https://github.com/openstack/oslo.log
pythonwhois;True;https://github.com/pythonwhois/pythonwhois;https://github.com/joepie91/python-whois
flask-socketio;False;https://github.com/miguelgrinberg/flask-socketio;http://github.com/miguelgrinberg/Flask-SocketIO
hashids;True;https://github.com/hashids/hashids;https://github.com/davidaurelio/hashids-python
azureml-train-core;True;https://github.com/azureml-train-core/azureml-train-core;
beautifulsoup;True;https://github.com/beautifulsoup/beautifulsoup;
azureml-train-restclients-hyperdrive;True;https://github.com/azureml-train-restclients-hyperdrive/azureml-train-restclients-hyperdrive;
watson-machine-learning-client;True;https://github.com/watson-machine-learning-client/watson-machine-learning-client;
flask-httpauth;False;https://github.com/miguelgrinberg/flask-httpauth;http://github.com/miguelgrinberg/flask-httpauth
marionette-driver;True;https://github.com/marionette-driver/marionette-driver;
wget;False;https://github.com/wget/wget;
lightstep;True;https://github.com/lightstep/lightstep;https://github.com/lightstep/lightstep-tracer-python
toposort;True;https://github.com/toposort/toposort;
azureml-pipeline-steps;True;https://github.com/azureml-pipeline-steps/azureml-pipeline-steps;
webapp2;True;https://github.com/webapp2/webapp2;
azureml-pipeline;True;https://github.com/azureml-pipeline/azureml-pipeline;
pyqt5-sip;True;https://github.com/pyqt5-sip/pyqt5-sip;
python-glanceclient;True;https://github.com/python-glanceclient/python-glanceclient;https://github.com/openstack/python-glanceclient
python-whois;False;https://github.com/richardpenman/whois;https://github.com/richardpenman/pywhois
oslo-context;True;https://github.com/oslo-context/oslo-context;https://github.com/openstack/oslo.context
os-client-config;True;https://github.com/os-client-config/os-client-config;https://github.com/openstack/os-client-config
azure-eventhub;False;https://github.com/azure/azure-sdk-for-python;https://github.com/Azure/azure-sdk-for-python
python-cinderclient;True;https://github.com/python-cinderclient/python-cinderclient;
azureml-train;True;https://github.com/azureml-train/azureml-train;
awsebcli;False;https://github.com/aws/aws-elastic-beanstalk-cli-setup;
flake8-quotes;False;https://github.com/zheller/flake8-quotes;http://github.com/zheller/flake8-quotes
databricks-pypi2;True;https://github.com/databricks-pypi2/databricks-pypi2;
azureml-sdk;False;https://github.com/Azure/MachineLearningNotebooks;
firebase-admin;True;https://github.com/firebase-admin/firebase-admin;https://github.com/firebase/firebase-admin-python
virtualenvwrapper;True;https://github.com/virtualenvwrapper/virtualenvwrapper;
public;False;https://github.com/andrewp-as-is/public.py;https://github.com/looking-for-a-job/public.py
python-socketio;False;https://github.com/miguelgrinberg/python-socketio;http://github.com/miguelgrinberg/python-socketio
capstone;True;https://github.com/capstone/capstone;https://github.com/aquynh/capstone
python-engineio;False;https://github.com/miguelgrinberg/python-engineio;http://github.com/miguelgrinberg/python-engineio
django-countries;False;https://github.com/smileychris/django-countries;https://github.com/SmileyChris/django-countries
pyformance;True;https://github.com/pyformance/pyformance;https://github.com/python/pyperformance
dominate;False;https://github.com/knio/dominate;https://github.com/Knio/dominate
ptvsd;False;https://github.com/microsoft/ptvsd;https://github.com/Microsoft/ptvsd
locustio;True;https://github.com/locustio/locustio;https://github.com/locustio/locust
ibm-db;True;https://github.com/ibm-db/ibm-db;https://github.com/ibmdb/python-ibmdb
sentinels;True;https://github.com/sentinels/sentinels;
urltools;False;https://github.com/itzik-h/urltools;https://github.com/rbaier/python-urltools
pathlib-mate;False;https://github.com/machu-gwu/pathlib_mate-project;https://github.com/MacHu-GWU/pathlib_mate-project
enum;True;https://github.com/enum/enum;
pykerberos;True;https://github.com/pykerberos/pykerberos;
librosa;False;https://github.com/librosa/librosa;http://github.com/librosa/librosa
python-stdnum;True;https://github.com/python-stdnum/python-stdnum;https://github.com/arthurdejong/python-stdnum
flask-mail;True;https://github.com/rduplain/flask-mail;https://github.com/mattupstate/flask-mail
skyfield;False;https://github.com/brandon-rhodes/python-skyfield;http://github.com/brandon-rhodes/python-skyfield
python-openstackclient;True;https://github.com/python-openstackclient/python-openstackclient;https://github.com/openstack/python-openstackclient
pywinrm;False;https://github.com/diyan/pywinrm;http://github.com/diyan/pywinrm
pygeocoder;True;https://github.com/pygeocoder/pygeocoder;
polib;True;https://github.com/polib/polib;
pager;True;https://github.com/pager/pager;
amazon-dax-client;True;https://github.com/amazon-dax-client/amazon-dax-client;
request;False;https://github.com/request/request;https://github.com/looking-for-a-job/request.py
sqlalchemy-migrate;False;http://github.com/stackforge/sqlalchemy-migrate;https://github.com/stackforge/sqlalchemy-migrate
cftime;False;https://github.com/unidata/cftime;https://github.com/Unidata/cftime
post;False;https://github.com/post/post;https://github.com/looking-for-a-job/post.py
get;True;https://github.com/get/get;https://github.com/looking-for-a-job/get.py
query-string;False;https://github.com/andrewp-as-is/query-string.py;https://github.com/looking-for-a-job/query-string.py
sklearn-pandas;False;https://github.com/scikit-learn-contrib/sklearn-pandas;https://github.com/paulgb/sklearn-pandas
socksipy-branch;True;https://github.com/socksipy-branch/socksipy-branch;
dash-renderer;True;https://github.com/dash-renderer/dash-renderer;https://github.com/plotly/dash-renderer
python-decouple;False;https://github.com/henriquebastos/python-decouple;http://github.com/henriquebastos/python-decouple
dash-core-components;True;https://github.com/dash-core-components/dash-core-components;https://github.com/plotly/dash-core-components
django-simple-history;False;https://github.com/jazzband/django-simple-history;https://github.com/treyhunner/django-simple-history
django-formtools;False;https://github.com/jazzband/django-formtools;https://github.com/django/django-formtools
editdistance;False;https://github.com/aflc/editdistance;https://www.github.com/aflc/editdistance
pyusb;False;https://github.com/pyusb/pyusb;https://github.com/ninja-build/ninja
astropy;False;http://github.com/astropy/astropy;https://github.com/astropy/astropy
python-neutronclient;True;https://github.com/python-neutronclient/python-neutronclient;https://github.com/openstack/python-neutronclient
tempita;True;https://github.com/tempita/tempita;https://github.com/agramfort/tempita
neptune-client;True;https://github.com/neptune-client/neptune-client;https://github.com/neptune-ai/neptune-client
interval;True;https://github.com/interval/interval;
suds;True;https://github.com/suds/suds;https://github.com/felicesyforrados/suds
uuid;True;https://github.com/uuid/uuid;
pylibmc;True;https://github.com/pylibmc/pylibmc;https://github.com/lericson/pylibmc
moviepy;False;https://github.com/zulko/moviepy;https://github.com/Zulko/moviepy
pyramid;False;https://github.com/pylons/pyramid;https://github.com/Pylons/pyramid
empy;True;https://github.com/empy/empy;
antlr4-python2-runtime;True;https://github.com/antlr4-python2-runtime/antlr4-python2-runtime;https://github.com/antlr/antlr4
httpagentparser;True;https://github.com/httpagentparser/httpagentparser;https://github.com/shon/httpagentparser
azure-identity;False;https://github.com/azure/azure-sdk-for-python;https://github.com/Azure/azure-sdk-for-python
pyzipcode3;False;https://github.com/dvf/pyzipcode3;https://www.github.com/dvf/pyzipcode3
protorpc;True;https://github.com/protorpc/protorpc;
routes;True;https://github.com/routes/routes;https://github.com/bbangert/routes
oslo-concurrency;True;https://github.com/oslo-concurrency/oslo-concurrency;https://github.com/openstack/oslo.concurrency
first;False;https://github.com/hynek/first;http://github.com/hynek/first
gevent-websocket;False;https://github.com/methane/wsaccel;https://github.com/jgelens/gevent-websocket
solartime;True;https://github.com/solartime/solartime;
thriftpy2;False;https://github.com/thriftpy/thriftpy2;https://github.com/Thriftpy/thriftpy2
dash-table;True;https://github.com/dash-table/dash-table;https://github.com/plotly/dash-table
ipyparallel;True;https://github.com/ipyparallel/ipyparallel;https://github.com/ipython/ipyparallel
pytest-cache;True;https://github.com/pytest-cache/pytest-cache;
wmctrl;True;https://github.com/wmctrl/wmctrl;
azureml-defaults;True;https://github.com/azureml-defaults/azureml-defaults;
pyhocon;False;https://github.com/chimpler/pyhocon;http://github.com/chimpler/pyhocon
palettable;True;https://github.com/palettable/palettable;https://github.com/jiffyclub/palettable
lmdb;False;https://github.com/jnwatson/py-lmdb;http://github.com/jnwatson/py-lmdb
hurry-filesize;True;https://github.com/hurry-filesize/hurry-filesize;
functools;True;https://github.com/functools/functools;
django-redis-cache;False;https://github.com/sebleier/django-redis-cache;http://github.com/sebleier/django-redis-cache
imblearn;True;https://github.com/imblearn/imblearn;
platformio;False;https://github.com/platformio/platformio-core;https://github.com/platformio/platformio
recordclass;True;https://github.com/recordclass/recordclass;
hacking;False;https://github.com/jcrocholl/pep8;https://github.com/openstack/hacking
compatibility-lib;False;https://github.com/googlecloudplatform/cloud-opensource-python;https://github.com/GoogleCloudPlatform/cloud-opensource-python
mando;True;https://github.com/mando/mando;https://github.com/rubik/mando
teamcity-messages;False;https://github.com/jetbrains/teamcity-messages;https://github.com/JetBrains/teamcity-messages
dateutils;False;https://github.com/jmcantrell/python-dateutils;
logbook;True;https://github.com/logbook/logbook;https://github.com/getlogbook/logbook
bugsnag;True;https://github.com/bugsnag/bugsnag;https://github.com/bugsnag/bugsnag-python
demjson;True;https://github.com/demjson/demjson;https://github.com/dmeranda/demjson
pubnub;True;https://github.com/pubnub/pubnub;https://github.com/pubnub/python
numpydoc;True;https://github.com/numpydoc/numpydoc;https://github.com/numpy/numpydoc
py3nvml;False;https://github.com/fbcotter/py3nvml;https://github.com/fbcotter/py3nvml.git
geoalchemy2;True;https://github.com/geoalchemy2/geoalchemy2;https://github.com/geoalchemy/geoalchemy2
publicsuffix;True;https://github.com/publicsuffix/publicsuffix;
prospector;False;https://github.com/pycqa/prospector;https://github.com/PyCQA/prospector
pydub;True;https://github.com/pydub/pydub;https://github.com/jiaaro/pydub
progressbar;True;https://github.com/progressbar/progressbar;https://github.com/niltonvolpato/python-progressbar
azureml-automl-core;True;https://github.com/azureml-automl-core/azureml-automl-core;
django-guardian;False;https://github.com/django-guardian/django-guardian;http://github.com/django-guardian/django-guardian
pyjwkest;True;https://github.com/pyjwkest/pyjwkest;https://github.com/IdentityPython/pyjwkest
mandrill;True;https://github.com/mandrill/mandrill;
flake8-commas;False;https://github.com/pycqa/flake8-commas;https://github.com/PyCQA/flake8-commas
utils;False;https://github.com/haaksmash/pyutils;http://github.com/haaksmash/pyutils
tlslite;False;https://github.com/moxie0/convergence;https://github.com/operasoftware/tlslite
testscenarios;True;https://github.com/testscenarios/testscenarios;
django-celery;False;http://github.com/celery/django-celery;https://github.com/celery/django-celery
jsonnet;True;https://github.com/jsonnet/jsonnet;https://github.com/google/jsonnet
easy-thumbnails;False;https://github.com/smileychris/easy-thumbnails;http://github.com/SmileyChris/easy-thumbnails
pygal;True;https://github.com/pygal/pygal;https://github.com/Kozea/pygal
pyahocorasick;False;https://github.com/wojciechmula/pyahocorasick;http://github.com/WojciechMula/pyahocorasick
jupyter-contrib-nbextensions;False;https://github.com/ipython-contrib/jupyter_contrib_nbextensions;https://github.com/ipython-contrib/jupyter_contrib_nbextensions.git
hjson;False;https://github.com/hjson/hjson-py;http://github.com/hjson/hjson-py
plaster-pastedeploy;False;https://github.com/pylons/plaster_pastedeploy;https://github.com/Pylons/plaster_pastedeploy
pydevd;False;https://github.com/fabioz/pydev.debugger;https://github.com/fabioz/PyDev.Debugger
webassets;False;https://github.com/miracle2k/webassets;http://github.com/miracle2k/webassets
vatnumber;True;https://github.com/vatnumber/vatnumber;
uritemplate-py;False;https://github.com/sigmavirus24/uritemplate;
databricks-pypi-extras;True;https://github.com/databricks-pypi-extras/databricks-pypi-extras;
jupyter-highlight-selected-word;False;https://github.com/jcb91/jupyter_highlight_selected_word;https://github.com/jcb91/jupyter_highlight_selected_word.git
createsend;True;https://github.com/createsend/createsend;https://github.com/campaignmonitor/createsend-python
limits;True;https://github.com/limits/limits;https://github.com/alisaifee/limits
plaster;False;https://github.com/pylons/plaster;https://github.com/Pylons/plaster
gsutil;True;https://github.com/gsutil/gsutil;https://github.com/GoogleCloudPlatform/gsutil
flask-bootstrap;False;https://github.com/mbr/flask-bootstrap;http://github.com/mbr/flask-bootstrap
namedlist;True;https://github.com/namedlist/namedlist;
ansicolors;False;https://github.com/jonathaneunice/colors;http://github.com/jonathaneunice/colors
pytest-pep8;False;https://github.com/jcrocholl/pep8;
nimbusml;False;https://github.com/microsoft/nimbusml;https://github.com/microsoft/NimbusML
diff-cover;False;https://github.com/bachmann1234/diff-cover;https://github.com/Bachmann1234/diff-cover
python-heatclient;True;https://github.com/python-heatclient/python-heatclient;https://github.com/openstack/python-heatclient
mpld3;False;https://github.com/jakevdp/mpld3;https://github.com/mpld3/mpld3
logutils;True;https://github.com/logutils/logutils;
simpleitk;False;https://github.com/simpleitk/simpleitk;
django-haystack;False;https://github.com/django-haystack/django-haystack;https://github.com/toastdriven/django-haystack
parsley;True;https://github.com/parsley/parsley;https://github.com/pyga/parsley
dumb-init;False;https://github.com/yelp/dumb-init;https://github.com/Yelp/dumb-init
futurist;True;https://github.com/futurist/futurist;https://github.com/openstack/futurist
progress;False;https://github.com/verigak/progress;http://github.com/verigak/progress
launcher;True;https://github.com/ha6000/launcher-for-python;
urlobject;False;https://github.com/zacharyvoase/urlobject;http://github.com/zacharyvoase/urlobject
pysmb;True;https://github.com/pysmb/pysmb;https://github.com/miketeo/pysmb
xlocal;True;https://github.com/xlocal/xlocal;
nosexcover;False;https://github.com/cmheisel/nose-xcover;http://github.com/cmheisel/nose-xcover
m2crypto;False;https://github.com/m2crypto/m2crypto;
img2pdf;True;https://github.com/img2pdf/img2pdf;
stemming;True;https://github.com/stemming/stemming;
moznetwork;True;https://github.com/moznetwork/moznetwork;
h2o;False;https://github.com/h2oai/h2o-3;https://github.com/h2oai/h2o-3.git
cvxpy;False;https://github.com/cvxgrp/cvxpy;http://github.com/cvxgrp/cvxpy
peakutils;True;https://github.com/peakutils/peakutils;
reno;True;https://github.com/reno/reno;https://github.com/openstack/reno
deepmerge;True;https://github.com/deepmerge/deepmerge;https://github.com/toumorokoshi/deepmerge
bashlex;False;https://github.com/idank/bashlex;https://github.com/idank/bashlex.git
cheetah3;False;https://github.com/cheetahtemplate3/cheetah3;https://github.com/CheetahTemplate3/cheetah3
pycontracts;False;https://github.com/andreacensi/contracts;https://github.com/AndreaCensi/contracts
ts-flint;True;https://github.com/ts-flint/ts-flint;https://github.com/twosigma/flint
osqp;False;https://github.com/oxfordcontrol/osqp-wheels;https://github.com/oxfordcontrol/osqp
missingno;False;https://github.com/residentmario/missingno;https://github.com/ResidentMario/missingno
testresources;False;https://github.com/testresources/testresources;
nose-cov;True;https://github.com/nose-cov/nose-cov;
shade;True;https://github.com/shade/shade;https://github.com/openstack/shade
oslo-db;True;https://github.com/oslo-db/oslo-db;https://github.com/openstack/oslo.db
wincertstore;True;https://github.com/wincertstore/wincertstore;
databricks-pypi;True;https://github.com/databricks-pypi/databricks-pypi;
oslo-messaging;True;https://github.com/oslo-messaging/oslo-messaging;https://github.com/openstack/oslo.messaging
svgwrite;False;http://github.com/mozman/svgwrite;http://github.com/mozman/svgwrite.git
azureml-train-automl-client;True;https://github.com/azureml-train-automl-client/azureml-train-automl-client;
pybtex;True;https://github.com/pybtex/pybtex;
textdistance;False;https://github.com/life4/textdistance;https://github.com/orsinium/textdistance
h3;False;https://github.com/uber/h3-py;https://github.com/uber/h3-py.git
hyper;False;https://github.com/lukasa/hyper;https://github.com/Lukasa/hyper
python-designateclient;True;https://github.com/python-designateclient/python-designateclient;https://github.com/openstack/python-designateclient
django-bootstrap3;False;https://github.com/zostera/django-bootstrap3;https://github.com/dyve/django-bootstrap3
whoosh;True;https://github.com/whoosh/whoosh;
oset;True;https://github.com/oset/oset;
oslo-service;True;https://github.com/oslo-service/oslo-service;https://github.com/openstack/oslo.service
getch;True;https://github.com/getch/getch;
flask-debugtoolbar;False;https://github.com/django-debug-toolbar/django-debug-toolbar;https://github.com/mgood/flask-debugtoolbar
oslo-policy;True;https://github.com/oslo-policy/oslo-policy;https://github.com/openstack/oslo.policy
pprint;True;https://github.com/pprint/pprint;https://github.com/hamadi15/test
pyrepl;True;https://github.com/pyrepl/pyrepl;
pyopengl;False;https://github.com/mcfletch/pyopengl;
testrepository;True;https://github.com/testrepository/testrepository;https://github.com/testing-cabal/testrepository
pyudev;False;http://github.com/lunaryorn/pyudev;https://github.com/lunaryorn/pyudev
protego;True;https://github.com/protego/protego;
pyside2;True;https://github.com/pyside2/pyside2;
datadiff;True;https://github.com/datadiff/datadiff;
pyspark-dist-explore;True;https://github.com/pyspark-dist-explore/pyspark-dist-explore;https://github.com/Bergvca/pyspark_dist_explore
mockredispy;False;https://github.com/locationlabs/mockredis;http://www.github.com/locationlabs/mockredis
shiboken2;True;https://github.com/shiboken2/shiboken2;
gremlinpython;True;https://github.com/gremlinpython/gremlinpython;
readthedocs-sphinx-ext;False;https://github.com/readthedocs/readthedocs-sphinx-ext;http://github.com/readthedocs/readthedocs-sphinx-ext
monthdelta;True;https://github.com/monthdelta/monthdelta;
oslo-middleware;True;https://github.com/oslo-middleware/oslo-middleware;https://github.com/openstack/oslo.middleware
nose-xunitmp;True;https://github.com/nose-xunitmp/nose-xunitmp;https://github.com/Ignas/nose_xunitmp
pyaudio;True;https://github.com/pyaudio/pyaudio;
datasketch;True;https://github.com/datasketch/datasketch;https://github.com/ekzhu/datasketch
logilab-common;True;https://github.com/logilab-common/logilab-common;
concurrentloghandler;True;https://github.com/concurrentloghandler/concurrentloghandler;https://github.com/Preston-Landers/concurrent-log-handler
htmlparser;False;https://github.com/policystat/htmlparser;http://github.com/PolicyStat/HTMLParser
awsiotpythonsdk;False;https://github.com/aws/aws-iot-device-sdk-python;https://github.com/aws/aws-iot-device-sdk-python.git
selectors2;False;https://github.com/sethmlarson/selectors2;https://www.github.com/SethMichaelLarson/selectors2
python-ironicclient;True;https://github.com/python-ironicclient/python-ironicclient;https://github.com/openstack/python-ironicclient
gdata;True;https://github.com/gdata/gdata;https://github.com/google/gdata-python-client
tensorboard-plugin-wit;True;https://github.com/tensorboard-plugin-wit/tensorboard-plugin-wit;
oslo-cache;True;https://github.com/oslo-cache/oslo-cache;https://github.com/openstack/oslo.cache
onnxruntime;False;https://github.com/microsoft/onnxruntime;https://github.com/Microsoft/onnxruntime
cognite-logger;True;https://github.com/cognite-logger/cognite-logger;
wxpython;False;https://github.com/wxwidgets/phoenix;https://github.com/wxWidgets/Phoenix
javabridge;False;https://github.com/cellprofiler/python-javabridge;http://github.com/CellProfiler/python-javabridge
json-delta;True;https://github.com/json-delta/json-delta;
keystonemiddleware;False;https://github.com/openstack/keystone;https://github.com/openstack/keystonemiddleware
faulthandler;True;https://github.com/faulthandler/faulthandler;https://github.com/vstinner/faulthandler
recordtype;True;https://github.com/recordtype/recordtype;
colored;True;https://github.com/colored/colored;
trafaret;False;https://github.com/deepwalker/trafaret;https://github.com/Deepwalker/trafaret
django-configurations;True;https://github.com/django-configurations/django-configurations;https://github.com/jazzband/django-configurations
bashate;False;https://github.com/pycqa/pycodestyle;https://github.com/openstack/bashate
osprofiler;True;https://github.com/osprofiler/osprofiler;https://github.com/openstack/osprofiler
html;True;https://github.com/html/html;
openstackdocstheme;True;https://github.com/openstackdocstheme/openstackdocstheme;https://github.com/openstack/openstackdocstheme
pycocotools;True;https://github.com/pycocotools/pycocotools;https://github.com/cocodataset/cocoapi
python-bioformats;False;https://github.com/cellprofiler/python-bioformats;http://github.com/CellProfiler/python-bioformats
willow;True;https://github.com/willow/willow;https://github.com/wagtail/Willow
lepl;True;https://github.com/lepl/lepl;
uwsgitop;True;https://github.com/uwsgitop/uwsgitop;https://github.com/xrmx/uwsgitop
pycadf;True;https://github.com/pycadf/pycadf;https://github.com/openstack/pycadf
robotframework-pabot;True;https://github.com/robotframework-pabot/robotframework-pabot;https://github.com/mkorpela/pabot
carbon;False;https://github.com/graphite-project/graphite-web;https://github.com/graphite-project/carbon
distribute;True;https://github.com/distribute/distribute;
ftputil;True;https://github.com/ftputil/ftputil;
waiting;True;https://github.com/waiting/waiting;
ovs;True;https://github.com/ovs/ovs;https://github.com/openvswitch/ovs
doc8;False;https://github.com/pycqa/doc8;https://github.com/PyCQA/doc8
ansi2html;False;https://github.com/ralphbean/ansi2html;http://github.com/ralphbean/ansi2html
pycountry-convert;True;https://github.com/TuneLab/pycountry-convert;
shippo;True;https://github.com/shippo/shippo;https://github.com/goshippo/shippo-python-client
pysolar;True;https://github.com/pysolar/pysolar;https://github.com/pingswept/pysolar
python-barbicanclient;False;https://github.com/openstack/barbican;https://github.com/openstack/python-barbicanclient
pyramid-tm;False;https://github.com/pylons/pyramid_tm;https://github.com/Pylons/pyramid_tm
grpcio-reflection;True;https://github.com/grpcio-reflection/grpcio-reflection;
junos-eznc;False;https://github.com/juniper/py-junos-eznc;http://www.github.com/Juniper/py-junos-eznc
pyarabic;False;http://github.com/linuxscout/pyarabic;
databricks;True;https://github.com/databricks/databricks;
azure-keyvault-secrets;False;https://github.com/azure/azure-sdk-for-python;https://github.com/Azure/azure-sdk-for-python
python-nmap;True;https://github.com/python-nmap/python-nmap;
sphinxcontrib-napoleon;False;https://github.com/numpy/numpy;https://github.com/sphinx-contrib/napoleon
libvirt-python;True;https://github.com/libvirt-python/libvirt-python;https://github.com/libvirt/libvirt-python
dogstatsd-python;True;https://github.com/dogstatsd-python/dogstatsd-python;
pilkit;False;https://github.com/matthewwithanm/pilkit;http://github.com/matthewwithanm/pilkit
grpcio-health-checking;True;https://github.com/grpcio-health-checking/grpcio-health-checking;
chainmap;True;https://github.com/chainmap/chainmap;
aliyun-python-sdk-kms;True;https://github.com/aliyun-python-sdk-kms/aliyun-python-sdk-kms;https://github.com/aliyun/aliyun-openapi-python-sdk
blaze;False;https://github.com/blaze/blaze;https://github.com/blaze/blaze-tutorial
bindep;True;https://github.com/bindep/bindep;
jupyterhub;False;https://github.com/jupyterhub/jupyterhub;https://github.com/jupyter/jupyterhub
scikit-surprise;False;https://github.com/NicolasHug/Surprise;https://github.com/NicolasHug/surprise
oslo-reports;True;https://github.com/oslo-reports/oslo-reports;https://github.com/openstack/oslo.reports
pycli;True;https://github.com/pycli/pycli;https://github.com/whilp/cli
meson;True;https://github.com/meson/meson;https://github.com/mesonbuild/meson
deap;False;https://github.com/deap/deap;https://github.com/DEAP/deap
xstatic-jquery;True;https://github.com/xstatic-jquery/xstatic-jquery;
blist;False;https://github.com/danielstutzbach/blist;https://github.com/DanielStutzbach/blist
aiokafka;True;https://github.com/aiokafka/aiokafka;https://github.com/aio-libs/aiokafka
junitxml;True;https://github.com/junitxml/junitxml;https://github.com/kyrus/python-junit-xml
pbkdf2;True;https://github.com/pbkdf2/pbkdf2;https://github.com/dlitz/python-pbkdf2
jenkins-job-builder;True;https://github.com/jenkins-job-builder/jenkins-job-builder;
oslo-upgradecheck;True;https://github.com/oslo-upgradecheck/oslo-upgradecheck;https://github.com/openstack/oslo.upgradecheck
untangle;True;https://github.com/untangle/untangle;https://github.com/stchris/untangle
comet-git-pure;True;https://github.com/comet-git-pure/comet-git-pure;
comet-ml;False;https://github.com/comet-ml/comet-ml;
pyowm;False;https://github.com/csparpa/pyowm;http://github.com/csparpa/pyowm
oslo-versionedobjects;True;https://github.com/oslo-versionedobjects/oslo-versionedobjects;https://github.com/openstack/oslo.versionedobjects
kitchen;True;https://github.com/kitchen/kitchen;https://github.com/fedora-infra/kitchen
pygpgme;True;https://github.com/pygpgme/pygpgme;
maturin;False;https://github.com/pyo3/maturin;https://github.com/PyO3/maturin
azureml-train-automl;True;https://github.com/azureml-train-automl/azureml-train-automl;
mozdebug;True;https://github.com/mozdebug/mozdebug;
nflx-genie-client;True;https://github.com/nflx-genie-client/nflx-genie-client;
django-rest-framework;True;https://github.com/django-rest-framework/django-rest-framework;https://github.com/encode/django-rest-framework
control;False;https://github.com/python-control/python-control;
websocket;False;https://github.com/websocket/websocket;https://github.com/aaugustin/websockets
petname;False;https://github.com/petname/petname;
redlock-py;True;https://github.com/SPSCommerce/identity-service;
pyactiveresource;False;https://github.com/shopify/pyactiveresource;https://github.com/Shopify/pyactiveresource
jsbeautifier;True;https://github.com/jsbeautifier/jsbeautifier;
mox3;True;https://github.com/mox3/mox3;https://github.com/openstack-archive/mox3
django-hijack;True;https://github.com/django-hijack/django-hijack;https://github.com/arteria/django-hijack
m3-cdecimal;True;https://github.com/m3-cdecimal/m3-cdecimal;
datarobot;True;https://github.com/datarobot/datarobot;
pynliner;True;https://github.com/pynliner/pynliner;https://github.com/rennat/pynliner
grpcio-status;True;https://github.com/grpcio-status/grpcio-status;
fixture;True;https://github.com/fixture/fixture;
sarge;True;https://github.com/sarge/sarge;
doublemetaphone;True;https://github.com/doublemetaphone/doublemetaphone;https://github.com/oubiwann/metaphone
tinys3;True;https://github.com/tinys3/tinys3;https://github.com/smore-inc/tinys3
urlopen;True;https://github.com/urlopen/urlopen;
xlutils;True;https://github.com/xlutils/xlutils;https://github.com/python-excel/xlutils
param;True;https://github.com/param/param;https://github.com/holoviz/param
os-testr;True;https://github.com/os-testr/os-testr;https://github.com/openstack/os-testr
automaton;True;https://github.com/automaton/automaton;https://github.com/openstack/automaton
oslo-privsep;True;https://github.com/oslo-privsep/oslo-privsep;https://github.com/openstack/oslo.privsep
oslo-rootwrap;True;https://github.com/oslo-rootwrap/oslo-rootwrap;https://github.com/openstack/oslo.rootwrap
hdfs3;False;https://github.com/dask/hdfs3;http://github.com/dask/hdfs3
auth;False;https://github.com/ourway/auth;http://github.com/ourway/auth
tinycss;False;https://github.com/simonsapin/tinycss;https://github.com/SimonSapin/tinycss
positional;True;https://github.com/positional/positional;
yoyo-migrations;True;https://github.com/yoyo-migrations/yoyo-migrations;
tooz;True;https://github.com/tooz/tooz;https://github.com/openstack/tooz
south;True;https://github.com/south/south;
djangorestframework-gis;False;https://github.com/openwisp/django-rest-framework-gis;https://github.com/djangonauts/django-rest-framework-gis
pyquaternion;False;https://github.com/kieranwynn/pyquaternion;https://github.com/KieranWynn/pyquaternion
spark-nlp;True;https://github.com/spark-nlp/spark-nlp;https://github.com/johnsnowlabs/spark-nlp
python-jsonschema-objects;True;https://github.com/python-jsonschema-objects/python-jsonschema-objects;https://github.com/cwacek/python-jsonschema-objects
taskflow;False;https://github.com/taskflow/taskflow;https://github.com/openstack/taskflow
pydot2;True;https://github.com/pydot2/pydot2;
django-solo;False;https://github.com/lazybird/django-solo;http://github.com/lazybird/django-solo
config;True;https://github.com/config/config;
p4python;True;https://github.com/p4python/p4python;
pyramid-debugtoolbar;False;https://github.com/pylons/pyramid_debugtoolbar;https://github.com/Pylons/pyramid_debugtoolbar
netstorageapi;True;https://github.com/AstinCHOI/akamai-netstorage;
simplekml;True;https://github.com/simplekml/simplekml;https://github.com/eisoldt/simplekml
ovsdbapp;True;https://github.com/ovsdbapp/ovsdbapp;
jupyterlab-launcher;True;https://github.com/jupyterlab-launcher/jupyterlab-launcher;
castellan;True;https://github.com/castellan/castellan;https://github.com/openstack/castellan
python-debian;True;https://github.com/python-debian/python-debian;
eyed3;False;https://github.com/nicfit/eyed3;https://github.com/nicfit/eyeD3
dbutils;True;https://github.com/dbutils/dbutils;https://github.com/WebwareForPython/DBUtils
mercurial;True;https://github.com/mercurial/mercurial;
pep257;False;http://github.com/GreenSteam/pep257;https://github.com/GreenSteam/pep257
neutron-lib;True;https://github.com/neutron-lib/neutron-lib;https://github.com/openstack/neutron-lib
os-traits;True;https://github.com/os-traits/os-traits;https://github.com/openstack/os-traits
np-utils;True;https://github.com/np-utils/np-utils;
vtk;True;https://github.com/vtk/vtk;
pydes;True;https://github.com/pydes/pydes;https://github.com/twhiteman/pyDes
pydns;False;https://github.com/pydns/pydns;
pypdf;True;https://github.com/pypdf/pypdf;https://github.com/mfenniak/pyPdf
xstatic-patternfly;True;https://github.com/xstatic-patternfly/xstatic-patternfly;
xstatic-patternfly-bootstrap-treeview;True;https://github.com/xstatic-patternfly-bootstrap-treeview/xstatic-patternfly-bootstrap-treeview;
xstatic-datatables;True;https://github.com/xstatic-datatables/xstatic-datatables;
pyqtwebengine;True;https://github.com/pyqtwebengine/pyqtwebengine;
poster;True;https://github.com/poster/poster;
python-keyczar;True;https://github.com/python-keyczar/python-keyczar;https://github.com/google/keyczar
urlparse3;True;https://github.com/urlparse3/urlparse3;
password;True;https://github.com/password/password;
os-win;True;https://github.com/os-win/os-win;https://github.com/openstack/os-win
xunitparser;True;https://github.com/xunitparser/xunitparser;https://github.com/laurentb/xunitparser
azure-keyvault-keys;False;https://github.com/azure/azure-sdk-for-python;https://github.com/Azure/azure-sdk-for-python
os-vif;True;https://github.com/os-vif/os-vif;https://github.com/openstack/os-vif
lftools;True;https://github.com/lftools/lftools;
logentries;True;https://github.com/logentries/logentries;
dnspython3;True;https://github.com/dnspython3/dnspython3;
os-brick;True;https://github.com/os-brick/os-brick;https://github.com/openstack/os-brick
dm-xmlsec-binding;True;https://github.com/dm-xmlsec-binding/dm-xmlsec-binding;
geoip;False;https://github.com/geoip/geoip;
dai-sgqlc-3-5;False;https://github.com/graphql/graphiql;
beatbox;True;https://github.com/beatbox/beatbox;
gdal;True;https://github.com/gdal/gdal;https://github.com/OSGeo/gdal
azureml-explain-model;True;https://github.com/azureml-explain-model/azureml-explain-model;
django-test-without-migrations;False;https://github.com/henriquebastos/django-test-without-migrations;http://github.com/henriquebastos/django-test-without-migrations
python-magnumclient;True;https://github.com/python-magnumclient/python-magnumclient;https://github.com/openstack/python-magnumclient
graphy;True;https://github.com/graphy/graphy;
priority;True;https://github.com/priority/priority;
sparqlwrapper;False;https://github.com/rdflib/sparqlwrapper;https://github.com/RDFLib/sparqlwrapper
ipfshttpclient;False;https://github.com/ipfs/py-ipfs-http-client;https://github.com/ipfs-shipyard/py-ipfs-http-client
atpublic;True;https://github.com/atpublic/atpublic;
featuretools;False;https://github.com/featurelabs/featuretools;https://github.com/FeatureLabs/featuretools
minimal-snowplow-tracker;True;https://github.com/minimal-snowplow-tracker/minimal-snowplow-tracker;
browsermob-proxy;True;https://github.com/browsermob-proxy/browsermob-proxy;https://github.com/automatedtester/browsermob-proxy-py
twitter-common-app;False;https://github.com/twitter/commons;https://github.com/twitter-archive/commons
grpcio-opentracing;True;https://github.com/grpcio-opentracing/grpcio-opentracing;
repoze-sendmail;True;https://github.com/repoze-sendmail/repoze-sendmail;https://github.com/repoze/repoze.sendmail
google-api-python-client-uritemplate;False;https://github.com/venmo/google-api-python-client;http://github.com/venmo/google-api-python-client
sip;True;https://github.com/sip/sip;
django-impersonate;True;https://github.com/django-impersonate/django-impersonate;
junit2html;True;https://github.com/junit2html/junit2html;
biplist;True;https://github.com/biplist/biplist;
wsme;True;https://github.com/wsme/wsme;
hass-nabucasa;False;https://github.com/nabucasa/hass-nabucasa;https://github.com/NabuCasa/hass-nabucasa
logger;False;https://github.com/logger/logger;
oslotest;True;https://github.com/oslotest/oslotest;https://github.com/openstack/oslotest
thespian;True;https://github.com/thespian/thespian;
tempest;True;https://github.com/tempest/tempest;https://github.com/openstack/tempest
patool;True;https://github.com/patool/patool;https://github.com/wummel/patool
oslo-vmware;True;https://github.com/oslo-vmware/oslo-vmware;https://github.com/openstack/oslo.vmware
cbor;True;https://github.com/cbor/cbor;
leveldb;True;https://github.com/leveldb/leveldb;
unicorn;True;https://github.com/unicorn/unicorn;https://github.com/unicorn-engine/unicorn
dask-glm;False;https://github.com/dask/dask-glm;http://github.com/dask/dask-glm
pdfminer3k;False;https://github.com/canserhat77/pdfminer3k;
jieba3k;True;https://github.com/jieba3k/jieba3k;
singer-python;True;https://github.com/singer-python/singer-python;https://github.com/singer-io/singer-python
pymobiledetect;True;https://github.com/pymobiledetect/pymobiledetect;
py-dateutil;True;https://github.com/py-dateutil/py-dateutil;
binpacking;False;https://github.com/benmaier/binpacking;https://www.github.com/benmaier/binpacking
django-templated-email;False;https://github.com/vintasoftware/django-templated-email;http://github.com/vintasoftware/django-templated-email
pytorch;False;https://github.com/pytorch/pytorch;
pyviz-comms;False;https://github.com/holoviz/holoviz;https://github.com/pyviz/pyviz.org
ast;True;https://github.com/yijunyu/needle;
databricks-connect;True;https://github.com/databricks-connect/databricks-connect;
nose-testconfig;True;https://github.com/nose-testconfig/nose-testconfig;
flexget;False;https://github.com/Flexget/Flexget;https://pypi.org/project/FlexGet/
parse-accept-language;True;https://github.com/Babylonpartners/parse-accept-language;
mod-wsgi;True;https://github.com/mod-wsgi/mod-wsgi;https://github.com/GrahamDumpleton/mod_wsgi
asgi-redis;False;https://github.com/django/asgi_redis;http://github.com/django/asgi_redis
conllu;False;https://github.com/emilstenstrom/conllu;https://github.com/EmilStenstrom/conllu
rstr;True;https://github.com/rstr/rstr;
azure-functions;True;https://github.com/azure-functions/azure-functions;
wsgi-intercept;False;http://github.com/cdent/wsgi-intercept;https://github.com/cdent/wsgi-intercept
mailchimp;True;https://github.com/mailchimp/mcapi2-python-examples;
pyxb;True;https://github.com/pyxb/pyxb;
snitun;False;https://github.com/nabucasa/snitun;https://github.com/NabuCasa/snitun
genshi;True;https://github.com/genshi/genshi;https://github.com/edgewall/genshi.git
stem;True;https://github.com/stem/stem;https://github.com/torproject/stem
rook;False;https://github.com/rook/rook;
cursive;True;https://github.com/cursive/cursive;
os-ken;True;https://github.com/os-ken/os-ken;https://github.com/openstack/os-ken
plaidml;False;https://github.com/plaidml/plaidml;
python-qpid-proton;True;https://github.com/python-qpid-proton/python-qpid-proton;
mibian;True;https://github.com/mibian/mibian;https://github.com/yassinemaaroufi/MibianLib
python-mistralclient;True;https://github.com/python-mistralclient/python-mistralclient;https://github.com/openstack/python-mistralclient
pylzma;True;https://github.com/pylzma/pylzma;https://github.com/fancycode/pylzma
sphinx-bootstrap-theme;True;https://github.com/sphinx-bootstrap-theme/readme.html;http://ryan-roemer.github.com/sphinx-bootstrap-theme/README.html
tinysegmenter;True;https://github.com/tinysegmenter/tinysegmenter;
pytest-localserver;True;https://github.com/pytest-localserver/pytest-localserver;
pytest-testmon;True;https://github.com/pytest-testmon/pytest-testmon;https://github.com/tarpas/pytest-testmon
panda;True;https://github.com/panda/panda;
azureml-designer-serving;True;https://github.com/azureml-designer-serving/azureml-designer-serving;
git-pylint-commit-hook;True;https://github.com/git-pylint-commit-hook/git-pylint-commit-hook;https://github.com/sebdah/git-pylint-commit-hook
python-troveclient;True;https://github.com/python-troveclient/python-troveclient;https://github.com/openstack/python-troveclient
pafy;True;https://github.com/np1/pafy;
pyinquirer;False;https://github.com/citguru/pyinquirer;https://github.com/CITGuru/PyInquirer
pyct;False;https://github.com/pyviz-dev/pyct;https://github.com/pyviz/pyct
glance-store;True;https://github.com/glance-store/glance-store;https://github.com/openstack/glance_store
traittypes;True;https://github.com/traittypes/traittypes;
bcdoc;True;https://github.com/botocore/bcdoc;
bagit;False;https://github.com/libraryofcongress/bagit-python;https://github.com/LibraryOfCongress/bagit-python
pypowervm;False;https://github.com/pypowervm/pypowervm;
plaidml-keras;True;https://github.com/plaidml-keras/plaidml-keras;
flufl-enum;True;https://github.com/flufl-enum/flufl-enum;
slugid;True;https://github.com/slugid/slugid;https://github.com/taskcluster/slugid.py
mozinstall;True;https://github.com/mozinstall/mozinstall;
cql;True;https://github.com/cql/cql;
simhash;True;https://github.com/simhash/simhash;https://github.com/leonsim/simhash
json-encoder;True;https://github.com/json-encoder/json-encoder;
azureml-widgets;True;https://github.com/azureml-widgets/azureml-widgets;
pyrabbit;False;https://github.com/bkjones/pyrabbit;http://www.github.com/bkjones/pyrabbit
osc-placement;True;https://github.com/osc-placement/osc-placement;https://github.com/openstack/osc-placement
jenkins;False;https://github.com/lgastako/jenkins;http://github.com/lgastako/jenkins
tableauhyperapi;True;https://github.com/tableauhyperapi/tableauhyperapi;
ryu;False;https://github.com/osrg/ryu;https://github.com/faucetsdn/ryu
timedelta;False;https://github.com/andrewp-as-is/timedelta.py;https://github.com/looking-for-a-job/timedelta.py
twitter;True;https://github.com/twitter/twitter;https://github.com/sixohsix/twitter
chromedriver;True;https://github.com/chromedriver/chromedriver;
serial;True;https://github.com/serial/serial;
posix-ipc;True;https://github.com/posix-ipc/posix-ipc;https://github.com/osvenskan/posix_ipc
microversion-parse;True;https://github.com/microversion-parse/microversion-parse;https://github.com/openstack/microversion-parse
webhelpers;True;https://github.com/webhelpers/webhelpers;
django-htmlmin;False;http://github.com/cobrateam/django-htmlmin;
pyghmi;False;https://github.com/openstack/pyghmi;http://github.com/openstack/pyghmi
python-igraph;True;https://github.com/python-igraph/python-igraph;https://github.com/igraph/python-igraph
colorhash;False;https://github.com/zenozeng/color-hash;
dedupe-variable-datetime;True;https://github.com/datamade/dedupe-variable-datetime;
typesentry;False;https://github.com/h2oai/typesentry;https://github.com/h2oai/typesentry.git
jprops;False;https://github.com/mgood/jprops;http://github.com/mgood/jprops
pwntools;False;https://github.com/gallopsled/pwntools;https://github.com/Gallopsled/pwntools
murmurhash3;False;http://github.com/veegee/mmh3;https://github.com/veegee/mmh3
mimeparse;True;https://github.com/mimeparse/mimeparse;
python-termstyle;True;https://github.com/python-termstyle/python-termstyle;https://github.com/timbertson/termstyle
flask-moment;False;https://github.com/miguelgrinberg/flask-moment;http://github.com/miguelgrinberg/flask-moment
planout;True;https://github.com/planout/planout;
kaitaistruct;True;https://github.com/kaitaistruct/kaitaistruct;
dogpile-core;True;https://github.com/dogpile-core/dogpile-core;
mechanicalsoup;False;https://github.com/mechanicalsoup/mechanicalsoup;https://github.com/MechanicalSoup/MechanicalSoup
client;True;https://github.com/client/client;https://github.com/klen/aioauth-client
tbb;True;https://github.com/tbb/tbb;
setuptools-scm-git-archive;False;https://github.com/changaco/setuptools_scm_git_archive;https://github.com/Changaco/setuptools_scm_git_archive
os-resource-classes;True;https://github.com/os-resource-classes/os-resource-classes;https://github.com/openstack/os-resource-classes
electrical-calendar;True;https://github.com/electrical-calendar/electrical-calendar;https://github.com/gisce/electrical_calendar
django-datatables-view;True;https://github.com/django-datatables-view/django-datatables-view;
multiprocessing;True;https://github.com/multiprocessing/multiprocessing;
pytest-flakes;False;https://github.com/asmeurer/pytest-flakes;https://github.com/fschulze/pytest-flakes
gmplot;False;https://github.com/gmplot/gmplot;https://github.com/vgm64/gmplot
goslate;True;https://github.com/goslate/goslate;https://github.com/yeahwhat-mc/goslate
flufl-lock;True;https://github.com/flufl-lock/flufl-lock;
edx-submissions;False;http://github.com/edx/edx-submissions;http://github.com/edx/edx-submissions.git
chargebee;True;https://github.com/chargebee/chargebee;https://github.com/chargebee/chargebee-python
update;True;https://github.com/lmittmann/update;
yaql;True;https://github.com/yaql/yaql;https://github.com/openstack/yaql
iptcinfo;True;https://github.com/iptcinfo/iptcinfo;
email;True;https://github.com/email/email;
zc-buildout;False;https://github.com/buildout/buildout;
mozcrash;True;https://github.com/mozcrash/mozcrash;
hashlib;True;https://github.com/hashlib/hashlib;
py3dns;True;https://github.com/py3dns/py3dns;
rfc3339;True;https://github.com/rfc3339/rfc3339;
django-versatileimagefield;False;https://github.com/respondcreate/django-versatileimagefield;http://github.com/respondcreate/django-versatileimagefield
scales;False;https://github.com/cue/scales;https://www.github.com/Cue/scales
clearbit;True;https://github.com/clearbit/clearbit;https://github.com/clearbit/clearbit-python
sigopt;True;https://github.com/sigopt/sigopt;https://github.com/sigopt/sigopt-python
dbus-python;True;https://github.com/dbus-python/dbus-python;
mozleak;True;https://github.com/mozleak/mozleak;
collision;False;https://github.com/qwekodev/collision;https://github.com/QwekoDev/collision
django-hijack-admin;False;https://github.com/arteria/django-hijack;https://github.com/arteria/django-hijack-admin
dash-auth;True;https://github.com/dash-auth/dash-auth;https://github.com/plotly/dash-auth
doc-warden;False;https://github.com/azure/azure-sdk-tools;https://github.com/Azure/azure-sdk-tools
simpy;False;https://github.com/simpx/simpy;
hexdump;False;https://github.com/hexdump/hexdump;
datetime-truncate;False;https://github.com/mediapop/datetime_truncate;https://github.com/gaqzi/datetime_truncate
openexr;False;https://github.com/openexr/openexr;
delighted;True;https://github.com/delighted/delighted;https://github.com/delighted/delighted-python
pylogo;True;https://github.com/pylogo/pylogo;
mattermostwrapper;False;https://github.com/btotharye/mattermostwrapper;https://github.com/btotharye/mattermostwrapper.git
pyramid-beaker;False;https://github.com/pylons/pyramid_beaker;https://github.com/bbangert/beaker
fabric2;True;https://github.com/fabric2/fabric2;https://github.com/fabric/fabric
smartlingapisdk;True;https://github.com/smartlingapisdk/smartlingapisdk;
pytictoc;True;https://github.com/pytictoc/pytictoc;
pomegranate;False;https://github.com/pomegranate/pomegranate;
alexapy;False;https://github.com/custom-components/alexa_media_player;
dawg-python;False;https://github.com/kmike/dawg-python;https://github.com/kmike/DAWG-Python
anaconda;True;https://github.com/anaconda/anaconda;
robinhood-aiokafka;True;https://github.com/robinhood-aiokafka/robinhood-aiokafka;https://github.com/aio-libs/aiokafka
python-firebase;True;https://github.com/python-firebase/python-firebase;https://github.com/ozgur/python-firebase
zconfig;False;https://github.com/zopefoundation/zconfig;https://github.com/zopefoundation/ZConfig
av;False;https://github.com/PyAV-Org/PyAV;https://github.com/mikeboers/PyAV
django-slack;True;https://github.com/django-slack/django-slack;https://github.com/lamby/django-slack
bpemb;True;https://github.com/bpemb/bpemb;https://github.com/bheinzerling/bpemb
morfessor;True;https://github.com/morfessor/morfessor;
azureml-interpret;True;https://github.com/azureml-interpret/azureml-interpret;
contextdecorator;True;https://github.com/contextdecorator/contextdecorator;
lmfit;True;https://github.com/lmfit/lmfit;https://github.com/lmfit/lmfit-py
azureml-automl-runtime;True;https://github.com/azureml-automl-runtime/azureml-automl-runtime;
pysnmp-mibs;True;https://github.com/pysnmp-mibs/pysnmp-mibs;
tensorflow-addons;True;https://github.com/tensorflow-addons/tensorflow-addons;https://github.com/tensorflow/addons
oic;False;https://github.com/openidc/pyoidc;https://github.com/OpenIDC/pyoidc
rasa;False;https://github.com/rasahq/rasa;https://github.com/RasaHQ/rasa
pytest-testrail;False;https://github.com/allankp/pytest-testrail;http://github.com/allankp/pytest-testrail
tslearn;False;https://github.com/tslearn-team/tslearn;https://github.com/rtavenar/tslearn
netapp-lib;True;https://github.com/netapp-lib/netapp-lib;
azureml-train-automl-runtime;True;https://github.com/azureml-train-automl-runtime/azureml-train-automl-runtime;
cloudshell-automation-api;True;https://github.com/cloudshell-automation-api/cloudshell-automation-api;
munkres;True;https://github.com/munkres/munkres;https://github.com/bmc/munkres
mandrill-37;True;https://github.com/mandrill-37/mandrill-37;
pgeocode;True;https://github.com/pgeocode/pgeocode;https://github.com/symerio/pgeocode
sphinx-tabs;False;https://github.com/executablebooks/sphinx-tabs;https://github.com/djungelorm/sphinx-tabs
pyomo;False;https://github.com/pyomo/pyomo;https://github.com/Pyomo/pyomo
flup;True;https://github.com/flup/flup;
cmake-format;True;https://github.com/cheshirekow/cmakelang;https://github.com/cheshirekow/cmake_format
